Car_ID,Kms_Driven,Year,Engine,Horsepower,Price
1,36705,2018,1560,94,684000
2,93291,2015,1350,85,554000
3,320000,2005,1540,95,148000
4,57376,2019,1650,125,936000
5,42133,2021,1470,129,957000
6,24438,2022,1240,92,786000
7,86519,2015,1740,124,923000
8,14714,2023,1230,74,602000
9,169733,2014,1470,107,641000
10,134455,2005,1130,92,408000
11,282476,2006,1400,86,213000
12,141475,2012,1890,147,982000
13,47918,2017,1330,99,685000
14,131871,2011,1740,129,762000
15,67290,2017,1280,85,603000
16,248033,2006,1590,119,411000
17,127791,2014,1900,134,891000
18,30188,2021,2150,157,1414000
19,183105,2010,1450,96,358000
20,15005,2022,980,70,642000
21,90113,2015,1450,113,804000
22,178846,2014,870,55,155000
23,14173,2021,1980,143,1187000
24,29572,2022,1320,108,800000
25,84862,2012,1040,63,370000
26,97623,2016,1360,94,515000
27,56479,2020,2020,149,1257000
28,59744,2017,1150,73,464000
29,140210,2010,1900,140,823000
30,121658,2008,2200,179,1445000
31,135548,2013,1780,157,1067000
32,10200,2023,1670,131,1093000
33,259769,2007,1640,113,489000
34,249523,2009,1410,83,277000
35,36557,2021,1970,152,1342000
36,16798,2022,2100,141,1169000
37,38081,2020,2330,182,1693000
38,27326,2022,1660,128,1060000
39,121765,2011,1660,121,709000
40,77107,2018,2050,161,1346000
41,49658,2016,2360,160,1238000
42,175883,2008,880,55,149000
43,227545,2005,2100,166,1117000
44,59451,2018,1790,147,1138000
45,127927,2011,1550,99,531000
46,39020,2018,1470,124,1071000
47,161380,2015,1780,154,1036000
48,125445,2014,1890,165,1255000
49,320000,2005,1670,143,512000
50,186969,2010,1770,129,729000
51,247158,2007,1860,141,760000
52,124307,2012,1650,142,987000
53,52688,2020,2610,211,2305000
54,60533,2019,2220,171,1520000
55,200634,2007,1850,141,783000
56,169861,2014,810,82,423000
57,51323,2019,2020,145,1128000
58,176542,2009,1550,105,527000
59,101937,2013,1470,107,821000
60,29795,2021,1370,80,750000
61,42117,2020,1810,122,1031000
62,68968,2017,1410,122,891000
63,13372,2023,2400,178,1645000
64,189590,2006,1330,104,414000
65,23517,2021,1540,130,1186000
66,96035,2018,2030,153,1170000
67,143784,2011,1690,138,944000
68,210066,2010,1760,119,523000
69,162136,2013,2250,173,1343000
70,236964,2005,1110,55,77000
71,134614,2014,2250,180,1435000
72,126956,2010,1060,55,166000
73,221611,2005,2040,164,989000
74,34234,2022,2090,147,1288000
75,55255,2019,1760,127,1041000
76,61142,2016,2150,171,1420000
77,64134,2012,1860,117,735000
78,49206,2020,1610,132,964000
79,98754,2012,1220,86,558000
80,110521,2017,1690,118,738000
81,227352,2006,2290,172,1055000
82,79615,2017,1680,141,1037000
83,17921,2022,1730,149,1236000
84,58878,2019,1520,118,946000
85,166092,2010,1580,115,649000
86,58884,2017,1170,87,612000
87,204286,2009,1670,123,698000
88,95691,2015,1220,65,399000
89,60238,2019,1350,91,623000
90,93276,2011,1190,82,407000
91,127334,2006,2140,159,1081000
92,170394,2005,1880,151,839000
93,66438,2018,1940,158,1368000
94,226100,2010,1580,124,562000
95,4885,2023,2040,157,1316000
96,320000,2005,2090,144,698000
97,14040,2022,1300,78,640000
98,168529,2011,1060,55,80000
99,140487,2014,1150,95,426000
100,45675,2019,1720,137,999000
101,1394,2023,2540,187,1763000
102,142227,2008,1920,146,913000
103,58137,2019,1020,78,607000
104,106419,2007,1840,126,769000
105,165526,2007,1650,145,771000
106,103905,2017,2020,150,1085000
107,53071,2021,1350,112,860000
108,128133,2010,1280,78,360000
109,111061,2012,2020,158,1193000
110,18880,2022,1140,65,568000
111,10508,2023,1740,140,1128000
112,222663,2005,970,84,156000
113,98559,2014,820,55,307000
114,40391,2020,1350,113,812000
115,111485,2015,1500,111,700000
116,138418,2011,1180,85,477000
117,167956,2011,2300,164,1225000
118,62783,2018,800,55,329000
119,59001,2020,1700,136,1022000
120,7856,2023,1740,142,1154000
121,50701,2018,1780,125,969000
122,147235,2010,1520,108,586000
123,15453,2021,850,75,697000
124,11814,2023,1840,109,855000
125,140339,2006,2010,144,872000
126,73289,2018,1020,71,456000
127,68536,2015,800,55,398000
128,73066,2016,1350,94,640000
129,77997,2013,1290,95,518000
130,173551,2013,830,55,97000
131,151899,2012,1350,88,412000
132,95084,2016,2410,183,1525000
133,66815,2012,2340,157,1193000
134,148145,2010,1640,139,889000
135,110610,2016,1870,127,774000
136,124917,2015,800,55,226000
137,170893,2006,2190,162,1071000
138,91820,2013,940,58,482000
139,144357,2006,1330,85,321000
140,224248,2008,1520,99,401000
141,35506,2016,1420,120,801000
142,49521,2020,870,72,626000
143,7683,2021,1180,76,621000
144,140505,2014,1700,153,1084000
145,53633,2018,2510,193,1800000
146,240976,2008,1500,105,367000
147,112785,2008,1660,146,1076000
148,138387,2012,1580,107,544000
149,240698,2005,2070,152,820000
150,141150,2009,1630,136,841000
151,74889,2008,1920,138,940000
152,52743,2018,1130,79,547000
153,116492,2009,1090,95,489000
154,122457,2015,1760,116,785000
155,102325,2014,1430,102,659000
156,243198,2006,2050,138,655000
157,66158,2020,800,55,430000
158,76322,2005,2250,179,1499000
159,12588,2023,2280,176,1670000
160,73570,2016,1950,135,894000
161,253996,2005,1360,104,417000
162,88611,2015,1520,103,561000
163,36495,2021,1260,98,867000
164,47967,2017,1940,131,978000
165,141808,2006,980,95,527000
166,78707,2017,1560,97,608000
167,4052,2023,800,55,578000
168,61452,2015,1370,118,743000
169,125167,2013,1720,102,588000
170,164354,2010,2250,184,1398000
171,9665,2023,1570,117,982000
172,139930,2010,1030,55,339000
173,113189,2012,1830,132,909000
174,34682,2021,1770,125,1020000
175,80506,2014,1300,87,536000
176,30848,2019,2340,196,1882000
177,268042,2005,1760,127,656000
178,56664,2019,1530,82,483000
179,80101,2008,2280,170,1424000
180,10853,2022,1600,122,1029000
181,118421,2017,1460,110,667000
182,175219,2010,1290,90,431000
183,180984,2012,1300,105,530000
184,148738,2005,1080,55,170000
185,216610,2008,1320,102,374000
186,116087,2011,1210,76,302000
187,40015,2019,2480,160,1299000
188,139340,2012,1490,117,710000
189,34873,2019,2160,175,1558000
190,60668,2018,2240,171,1499000
191,23784,2021,1310,78,555000
192,26927,2013,1480,120,809000
193,58749,2010,1660,116,725000
194,81127,2017,1690,121,954000
195,125687,2009,1880,160,1115000
196,138557,2013,1450,112,580000
197,156285,2011,1800,120,752000
198,186845,2007,1500,117,673000
199,313265,2005,1310,116,263000
200,162803,2012,1090,77,285000
201,116339,2014,1540,92,650000
202,173110,2011,800,55,177000
203,199751,2008,1740,131,724000
204,180820,2007,1710,122,606000
205,219813,2005,1670,125,601000
206,124368,2010,1960,174,1350000
207,130133,2014,1780,141,929000
208,32238,2020,1980,163,1372000
209,162832,2011,2320,158,1089000
210,67704,2017,2130,183,1643000
211,20113,2018,2220,167,1528000
212,153354,2011,1010,81,354000
213,222198,2012,1950,141,751000
214,151661,2005,1800,143,808000
215,27102,2021,1670,133,1059000
216,128041,2013,2650,196,1649000
217,86145,2017,1590,126,925000
218,41174,2021,1580,139,1152000
219,42670,2019,1420,113,959000
220,107901,2012,1480,109,562000
221,88149,2012,1540,102,595000
222,200461,2008,890,80,218000
223,6476,2023,1710,133,1186000
224,148500,2012,2120,184,1550000
225,218329,2005,1200,109,439000
226,56274,2019,1950,128,982000
227,123678,2016,1180,82,534000
228,137849,2016,800,55,265000
229,135751,2011,1500,116,698000
230,74270,2014,1150,89,592000
231,130894,2005,990,76,260000
232,219338,2008,990,55,60000
233,72146,2014,1150,55,312000
234,34001,2020,1770,121,1014000
235,53460,2018,2220,191,1849000
236,110251,2017,1220,93,646000
237,213024,2009,1690,136,691000
238,127374,2016,1220,77,522000
239,31974,2021,1330,87,621000
240,156645,2013,800,55,130000
241,249516,2006,1460,101,180000
242,14599,2023,1010,55,501000
243,37112,2020,1160,74,560000
244,89373,2016,1250,98,579000
245,35198,2021,1440,93,583000
246,113963,2013,1850,132,919000
247,25215,2021,1860,143,1194000
248,96730,2018,1630,109,755000
249,172767,2010,2190,158,1145000
250,41598,2020,1270,55,347000
251,189051,2010,1910,144,923000
252,44411,2021,1530,109,844000
253,101452,2011,800,55,347000
254,8371,2022,2020,147,1343000
255,46860,2020,1660,127,967000
256,132277,2015,1320,93,705000
257,284602,2005,1800,157,924000
258,178007,2010,1440,117,582000
259,126719,2005,1900,149,921000
260,63144,2019,1500,129,890000
261,15105,2023,1200,71,578000
262,31490,2021,970,55,498000
263,169598,2012,1190,71,268000
264,35609,2018,1680,127,1039000
265,296594,2006,1550,93,278000
266,90884,2014,2100,129,915000
267,9742,2022,1290,92,736000
268,19017,2022,910,55,585000
269,260808,2005,1740,132,593000
270,16595,2023,1850,151,1438000
271,189964,2008,1240,108,383000
272,76903,2006,1390,104,607000
273,129055,2007,2100,153,1064000
274,74860,2016,1830,138,1126000
275,111609,2014,2020,165,1268000
276,16194,2021,2180,154,1383000
277,175014,2007,1350,89,223000
278,118437,2016,1850,100,592000
279,191271,2007,1690,116,593000
280,49139,2021,1550,106,820000
281,12474,2023,1310,96,768000
282,227921,2010,1910,135,651000
283,301487,2006,1470,122,436000
284,52545,2020,1350,94,690000
285,23656,2022,1070,71,592000
286,280242,2006,1750,123,602000
287,59674,2020,1350,90,596000
288,5782,2023,1350,93,840000
289,81911,2016,1400,82,551000
290,32361,2021,1640,100,745000
291,42047,2018,1540,92,712000
292,250189,2005,2180,158,1004000
293,153422,2010,1530,105,447000
294,18032,2021,1060,57,647000
295,48838,2019,1670,118,994000
296,100758,2016,2240,163,1354000
297,93925,2015,1520,112,706000
298,154052,2011,1530,108,530000
299,63040,2019,1140,55,567000
300,300372,2005,1630,108,364000
301,34322,2020,1390,88,745000
302,21766,2022,920,55,637000
303,166034,2010,1120,73,390000
304,72941,2020,1970,164,1369000
305,32107,2022,1980,152,1253000
306,74329,2015,2150,165,1300000
307,97947,2007,1640,117,678000
308,240110,2008,800,55,60000
309,198494,2007,1950,127,656000
310,41679,2021,2550,209,2104000
311,33398,2022,820,66,634000
312,141262,2009,800,55,317000
313,170255,2009,960,74,319000
314,223795,2008,1730,139,781000
315,117203,2010,970,55,314000
316,192264,2007,1960,136,690000
317,129266,2011,1330,97,468000
318,36542,2021,1150,111,883000
319,160853,2012,1560,133,683000
320,33820,2021,1470,100,784000
321,38094,2019,1330,109,886000
322,150013,2014,1570,117,634000
323,252992,2007,1830,156,954000
324,113943,2016,1490,110,717000
325,147076,2008,860,55,187000
326,166679,2011,1660,126,666000
327,10157,2023,1750,138,1172000
328,45882,2020,2410,212,2225000
329,100803,2016,1790,122,826000
330,66147,2019,1930,151,1188000
331,316665,2005,1730,118,337000
332,83107,2018,1660,122,852000
333,112365,2015,2210,166,1327000
334,70574,2018,2410,196,1959000
335,244369,2010,1800,137,759000
336,98065,2009,2030,167,1218000
337,91093,2018,910,55,395000
338,46525,2021,1110,70,599000
339,28871,2022,1110,90,783000
340,131789,2013,1770,130,816000
341,240996,2009,1200,72,342000
342,85132,2017,1620,97,660000
343,249298,2005,1610,119,453000
344,156083,2010,1970,156,976000
345,220377,2008,1380,121,618000
346,157151,2013,1790,141,880000
347,73066,2006,1570,106,535000
348,189071,2009,1270,91,359000
349,287157,2010,1880,175,1261000
350,38657,2022,1600,122,949000
351,180500,2012,1040,68,226000
352,105637,2015,1490,107,616000
353,13818,2023,2220,155,1500000
354,217603,2006,1070,62,90000
355,23381,2019,1020,77,602000
356,26114,2022,1100,74,647000
357,37329,2019,1580,128,895000
358,54957,2019,1390,92,606000
359,253168,2011,980,63,107000
360,104735,2012,1050,65,311000
361,261367,2006,1970,158,883000
362,82224,2010,1290,114,851000
363,232028,2005,1740,130,702000
364,49314,2016,1520,106,650000
365,55651,2015,1130,58,389000
366,46203,2021,1910,144,1247000
367,500,2023,1260,92,757000
368,84764,2016,2010,133,889000
369,14764,2023,1340,97,858000
370,67975,2005,1150,84,463000
371,154731,2007,1740,131,679000
372,154571,2010,1340,96,423000
373,46286,2020,2290,190,1803000
374,26352,2017,1920,162,1347000
375,51605,2020,980,61,415000
376,80610,2013,1360,118,819000
377,71599,2018,1390,105,685000
378,101865,2015,1190,86,406000
379,240115,2007,1160,79,246000
380,213508,2011,1390,97,406000
381,42992,2020,2140,173,1518000
382,225281,2005,1730,133,696000
383,24510,2016,1630,118,886000
384,11287,2023,950,61,579000
385,77010,2014,800,55,349000
386,107383,2014,1110,73,421000
387,58817,2019,2450,171,1499000
388,156182,2009,1390,98,506000
389,159849,2011,1350,92,384000
390,296075,2008,1800,144,692000
391,146877,2014,1520,116,704000
392,9999,2023,1130,85,630000
393,107472,2014,1740,133,913000
394,167732,2009,1910,136,785000
395,11690,2023,2540,206,2232000
396,89662,2016,2290,167,1367000
397,206365,2012,1420,101,490000
398,40541,2019,1440,115,928000
399,208336,2009,980,62,75000
400,82502,2015,1350,107,730000
401,225135,2006,1660,134,759000
402,12476,2023,1500,114,937000
403,88182,2017,1320,68,460000
404,105431,2014,1410,89,509000
405,20506,2020,1090,87,724000
406,182036,2006,1810,139,796000
407,54364,2020,1980,137,1165000
408,49677,2009,1670,118,810000
409,108001,2015,1760,134,821000
410,106340,2013,1160,103,639000
411,35356,2019,1010,80,579000
412,100164,2016,1430,105,663000
413,303477,2005,1770,119,315000
414,180163,2012,1880,125,607000
415,121898,2008,1220,91,454000
416,183676,2014,1040,55,314000
417,76589,2018,1520,122,760000
418,214336,2009,990,55,60000
419,170338,2009,1050,100,460000
420,102521,2014,800,55,404000
421,51503,2014,1870,158,1281000
422,17569,2023,1660,145,1149000
423,87557,2017,1960,148,1057000
424,38884,2021,870,65,471000
425,255280,2007,800,56,60000
426,72203,2018,2470,199,1982000
427,91121,2011,1410,119,825000
428,195901,2006,800,55,68000
429,68598,2016,1430,97,667000
430,93556,2014,1220,78,493000
431,297881,2006,2040,143,774000
432,88917,2017,1220,69,498000
433,28120,2022,1160,94,644000
434,151091,2014,1850,141,1058000
435,121406,2015,1880,123,827000
436,103332,2016,1470,96,649000
437,69038,2019,920,71,520000
438,223857,2005,1740,124,538000
439,181466,2009,800,55,184000
440,158696,2005,1650,127,698000
441,196934,2005,1630,115,409000
442,96646,2016,1480,101,679000
443,110880,2014,1070,74,392000
444,153410,2007,1460,128,740000
445,194095,2006,1610,124,708000
446,116571,2012,1170,79,330000
447,118082,2016,800,55,159000
448,10804,2022,1510,116,914000
449,32479,2020,1930,159,1325000
450,62474,2015,1340,101,661000
451,95206,2011,1310,100,669000
452,72094,2012,1360,123,787000
453,52608,2020,1100,81,610000
454,96654,2010,1340,103,584000
455,81277,2013,2050,155,1234000
456,19455,2019,1420,122,1006000
457,98515,2013,2300,182,1625000
458,26337,2019,1470,122,881000
459,95812,2007,1900,139,977000
460,252723,2005,1470,94,271000
461,6551,2023,1620,104,814000
462,138504,2009,1930,122,685000
463,111451,2016,1650,163,1290000
464,38538,2020,1370,108,827000
465,3439,2023,2100,150,1342000
466,120429,2015,1950,164,1328000
467,24076,2022,2630,193,2018000
468,133784,2008,1650,122,736000
469,18209,2022,1770,131,1063000
470,10509,2023,1240,94,737000
471,310154,2005,1870,129,484000
472,115162,2011,1900,135,931000
473,111661,2012,1530,109,716000
474,109589,2011,800,62,286000
475,53790,2017,1250,101,639000
476,241572,2005,800,55,60000
477,166030,2013,1640,110,601000
478,27828,2020,1240,71,520000
479,17735,2016,1670,131,971000
480,135139,2012,2560,206,1832000
481,10579,2019,1930,152,1256000
482,138662,2010,1470,86,437000
483,15708,2022,2060,159,1391000
484,80781,2009,1610,127,852000
485,193589,2007,1830,140,775000
486,130241,2012,1490,108,524000
487,71440,2007,2060,155,1108000
488,45342,2018,1070,82,631000
489,140816,2011,800,55,244000
490,239958,2007,1020,91,145000
491,66816,2016,1580,128,976000
492,5273,2023,1380,92,709000
493,21689,2021,1970,148,1203000
494,73618,2018,1800,123,977000
495,91886,2015,910,95,468000
496,114724,2015,1660,117,697000
497,51081,2018,850,55,533000
498,137741,2007,1830,140,938000
499,157809,2007,1630,125,862000
500,167659,2008,1160,83,318000
501,114496,2014,1980,153,1138000
502,215741,2007,1490,96,411000
503,151257,2012,1770,121,614000
504,107176,2013,1200,101,594000
505,110323,2016,950,55,281000
506,105010,2015,1290,102,558000
507,167027,2014,910,55,172000
508,184307,2010,1590,117,623000
509,64643,2007,1690,118,708000
510,67419,2012,1520,131,926000
511,197137,2012,1300,85,346000
512,129131,2014,1120,73,402000
513,162544,2009,1860,129,817000
514,146194,2016,830,55,214000
515,44024,2013,1730,122,885000
516,131467,2007,1900,161,1186000
517,99393,2015,1240,97,560000
518,14773,2022,2070,159,1503000
519,175246,2012,1570,128,679000
520,254012,2010,2190,166,1137000
521,153570,2013,1460,137,915000
522,66475,2008,1410,102,590000
523,23408,2023,1530,112,1012000
524,45733,2020,1220,90,595000
525,76754,2015,1320,82,541000
526,40686,2015,1790,133,918000
527,123826,2013,1450,111,655000
528,44530,2014,1130,85,548000
529,24670,2022,2080,161,1382000
530,28497,2019,1760,133,1082000
531,180090,2005,880,55,132000
532,106083,2013,1920,138,973000
533,113387,2007,1080,85,398000
534,158796,2009,1990,156,985000
535,76788,2018,2200,149,1206000
536,200018,2005,2040,161,1086000
537,320000,2007,1770,142,622000
538,154562,2007,2070,163,1196000
539,51743,2019,830,55,554000
540,225342,2009,860,55,182000
541,17662,2022,2040,151,1328000
542,114198,2015,990,60,301000
543,40376,2018,1090,100,660000
544,14230,2021,2140,150,1335000
545,33291,2021,2630,216,2311000
546,156356,2005,1590,127,729000
547,87262,2015,1670,119,739000
548,53497,2011,1120,55,436000
549,13447,2023,1860,131,1064000
550,51798,2020,1520,114,784000
551,64482,2019,2000,151,1219000
552,130579,2009,1790,137,810000
553,16507,2020,1780,153,1262000
554,29779,2022,970,72,638000
555,51959,2020,1690,147,1160000
556,67457,2007,1640,91,570000
557,3449,2023,960,71,658000
558,145790,2011,1440,101,519000
559,37377,2021,1680,116,888000
560,129847,2012,1650,123,713000
561,37425,2010,1060,64,380000
562,105065,2015,2010,163,1291000
563,85817,2016,1990,147,1147000
564,81131,2011,1920,160,1268000
565,103631,2015,2220,181,1630000
566,153669,2006,1450,94,415000
567,52839,2009,2090,171,1506000
568,142203,2011,1440,95,484000
569,229463,2008,1550,127,626000
570,129344,2015,2160,148,1198000
571,74782,2018,1760,114,860000
572,20817,2022,1890,147,1267000
573,152976,2006,1370,83,382000
574,27669,2020,1620,118,938000
575,51083,2007,1680,140,1111000
576,60700,2019,1900,128,942000
577,104449,2015,800,61,280000
578,7458,2023,1290,93,766000
579,29663,2022,1260,98,740000
580,240000,2007,1890,129,580000
581,99060,2017,2330,185,1558000
582,49060,2018,930,60,521000
583,54025,2021,1170,77,619000
584,157935,2014,2490,178,1527000
585,60563,2014,2130,153,1227000
586,24371,2022,1900,123,1053000
587,224490,2006,1660,132,645000
588,16969,2022,1990,140,1148000
589,188894,2010,1570,123,595000
590,153714,2014,1340,119,765000
591,103240,2012,2060,169,1381000
592,29133,2021,850,55,523000
593,56425,2020,1900,165,1384000
594,158637,2015,1290,64,398000
595,35482,2021,2040,174,1572000
596,33955,2020,1500,110,838000
597,134467,2009,1290,105,531000
598,11830,2023,1140,66,606000
599,12495,2023,1940,151,1393000
600,106065,2014,1760,132,899000
601,24980,2020,1620,112,863000
602,66756,2019,1050,80,499000
603,103444,2016,2160,156,1292000
604,70790,2016,1440,106,631000
605,52867,2020,990,98,639000
606,102508,2017,1960,164,1342000
607,114620,2015,2120,138,943000
608,109589,2017,2730,212,2146000
609,5258,2023,1530,120,992000
610,69462,2019,2540,202,1908000
611,316444,2005,1890,137,471000
612,244262,2009,1980,146,701000
613,50043,2010,1910,120,947000
614,98157,2014,1890,139,910000
615,20534,2022,2170,156,1338000
616,47848,2009,1700,117,840000
617,227483,2006,1200,91,343000
618,14025,2020,1460,95,699000
619,173684,2006,1690,128,643000
620,39427,2020,1380,105,782000
621,70521,2016,1730,122,817000
622,119105,2012,2040,143,1012000
623,12783,2022,1830,133,1280000
624,145407,2013,2290,156,1077000
625,204947,2006,1770,123,546000
626,203178,2008,1430,82,319000
627,263094,2006,1360,100,151000
628,262848,2006,1530,137,658000
629,135861,2011,1940,164,1150000
630,116689,2014,1680,122,869000
631,199682,2011,1110,89,303000
632,18049,2022,1810,136,1126000
633,102298,2015,2290,176,1457000
634,96315,2010,1560,127,834000
635,3086,2023,1240,78,717000
636,58556,2017,980,56,437000
637,157352,2009,2140,184,1393000
638,155811,2011,1640,121,695000
639,13030,2022,1400,74,686000
640,263465,2007,1430,103,294000
641,204926,2006,2260,197,1564000
642,182182,2006,2040,177,1325000
643,99379,2013,1650,110,610000
644,142485,2009,1080,77,371000
645,29795,2020,2310,175,1633000
646,130056,2005,1900,154,951000
647,56667,2018,1550,120,905000
648,34003,2021,990,55,467000
649,156102,2012,1720,122,667000
650,297824,2008,1990,146,765000
651,97807,2016,1480,107,633000
652,135767,2006,1470,87,396000
653,126389,2010,1150,70,343000
654,211531,2012,1510,122,651000
655,320000,2005,940,62,60000
656,17803,2023,1790,134,1150000
657,185421,2013,800,61,231000
658,234336,2008,1250,92,266000
659,20450,2022,1370,79,689000
660,223135,2005,940,72,188000
661,16632,2023,960,66,525000
662,251051,2007,2090,168,1049000
663,40337,2019,1550,110,766000
664,132009,2008,1090,64,290000
665,141137,2011,1820,142,918000
666,40668,2020,1370,85,666000
667,49302,2017,2030,171,1468000
668,23166,2019,1210,95,737000
669,11613,2023,1670,99,828000
670,50203,2018,990,59,481000
671,213995,2009,2240,171,1182000
672,52732,2020,980,78,509000
673,105819,2014,1400,94,610000
674,219529,2007,900,72,239000
675,99344,2013,1030,70,478000
676,18140,2023,1630,133,1051000
677,149730,2012,2400,195,1653000
678,225236,2008,1810,143,726000
679,139195,2012,1010,55,117000
680,186093,2011,1920,152,1028000
681,194827,2011,1480,111,448000
682,11627,2022,1160,79,696000
683,212767,2008,1930,128,557000
684,24238,2022,1520,86,585000
685,54279,2017,2140,179,1573000
686,44319,2020,1720,138,1121000
687,104245,2012,1100,71,276000
688,37091,2021,1680,119,890000
689,16564,2022,1170,55,419000
690,153499,2013,1260,93,510000
691,24371,2021,2140,161,1415000
692,128453,2008,2240,174,1333000
693,7662,2022,1270,94,818000
694,230277,2010,1580,118,524000
695,62168,2019,1590,122,923000
696,142960,2010,1820,156,1175000
697,262162,2007,1520,78,159000
698,132293,2017,2300,163,1146000
699,27035,2021,1950,128,1051000
700,96947,2018,1610,126,826000
701,104964,2013,1580,128,813000
702,147905,2011,1770,116,604000
703,34202,2020,1930,160,1390000
704,113567,2015,1490,80,444000
705,225899,2007,1130,74,171000
706,170934,2011,1650,97,493000
707,89390,2013,2180,196,1784000
708,77246,2019,2140,173,1503000
709,93170,2019,1490,89,654000
710,243220,2006,1420,106,459000
711,287487,2005,1330,92,313000
712,84939,2008,1700,128,905000
713,88492,2013,1230,101,530000
714,196252,2012,1240,93,354000
715,127074,2016,1660,105,665000
716,33528,2021,1420,124,1003000
717,126510,2011,2110,169,1278000
718,18408,2022,1410,98,830000
719,14810,2023,1540,123,949000
720,17256,2023,2060,154,1395000
721,82866,2016,1380,82,580000
722,2967,2023,1730,122,919000
723,21722,2022,1980,143,1209000
724,104370,2007,1750,140,925000
725,220152,2011,2200,175,1187000
726,175402,2011,1730,136,726000
727,116233,2017,1690,117,770000
728,84861,2018,1970,132,986000
729,62230,2019,1540,107,753000
730,150382,2005,1960,162,1076000
731,34756,2020,1210,112,880000
732,156107,2005,1520,108,418000
733,36586,2020,1350,85,721000
734,82104,2017,1240,97,769000
735,62901,2017,1810,137,1036000
736,36208,2019,810,63,578000
737,11144,2022,1430,99,852000
738,117619,2008,1150,99,669000
739,167636,2011,1930,140,716000
740,113928,2014,1860,150,1120000
741,102472,2016,2260,174,1293000
742,6430,2023,1240,87,669000
743,22367,2022,2030,146,1233000
744,8239,2023,1820,126,1026000
745,71187,2018,1500,112,854000
746,9113,2023,2160,144,1348000
747,71777,2017,1030,62,449000
748,27232,2022,1050,94,893000
749,43678,2017,990,72,448000
750,41045,2021,1950,167,1419000
751,34777,2020,1780,150,1182000
752,219842,2005,1040,72,222000
753,123591,2009,850,61,344000
754,45524,2016,1850,139,975000
755,39796,2018,1080,80,534000
756,23360,2022,2140,142,1175000
757,186663,2005,2420,187,1394000
758,37384,2020,910,81,576000
759,193137,2008,1900,139,767000
760,135803,2005,1470,106,461000
761,77061,2007,2030,179,1533000
762,186456,2007,820,55,227000
763,58993,2018,960,62,364000
764,163157,2012,1620,122,707000
765,101787,2013,1990,172,1425000
766,12357,2019,1600,104,752000
767,250983,2006,1280,84,102000
768,78588,2018,1020,55,373000
769,101587,2012,1760,133,850000
770,182842,2006,920,60,127000
771,96406,2013,2630,201,1916000
772,127245,2012,1630,120,791000
773,51860,2020,1690,117,1034000
774,141440,2011,1500,103,567000
775,33223,2021,1190,81,625000
776,105431,2007,1700,107,508000
777,85290,2011,1940,134,940000
778,69803,2019,2140,153,1240000
779,63763,2019,1470,114,812000
780,25689,2022,1260,108,859000
781,221625,2011,1570,120,469000
782,308113,2005,1170,85,60000
783,179272,2009,2570,183,1480000
784,139612,2008,940,91,306000
785,43217,2020,1540,86,556000
786,74940,2016,1900,138,948000
787,123444,2013,1480,99,580000
788,185529,2009,2510,176,1436000
789,157261,2014,2030,133,824000
790,127594,2011,1230,77,335000
791,135047,2012,2050,155,1178000
792,100725,2015,1630,114,665000
793,98375,2017,2260,172,1476000
794,89043,2005,1290,86,458000
795,92674,2018,1800,127,852000
796,32017,2021,1840,148,1236000
797,48708,2018,1230,75,564000
798,29488,2020,2090,178,1617000
799,5074,2023,1590,117,961000
800,189503,2010,1800,128,714000
801,252964,2007,800,55,79000
802,150016,2012,800,71,220000
803,116427,2016,1190,77,440000
804,220744,2008,1870,166,1047000
805,21089,2021,920,55,578000
806,110364,2007,1120,81,389000
807,209164,2006,1670,119,531000
808,50315,2015,1930,135,1097000
809,36714,2020,1720,148,1153000
810,32425,2022,1940,131,1065000
811,146202,2013,1340,95,465000
812,18654,2019,1220,74,707000
813,66711,2014,2490,178,1485000
814,18403,2023,1970,146,1258000
815,58146,2015,1500,112,770000
816,101129,2016,1250,88,533000
817,19393,2020,1570,112,958000
818,31982,2021,1560,104,840000
819,40753,2020,1620,100,752000
820,147236,2015,1330,85,486000
821,119539,2009,1670,154,1082000
822,80869,2008,1550,93,441000
823,152594,2010,1420,99,506000
824,29138,2020,2130,153,1467000
825,220465,2007,1770,128,669000
826,70248,2015,1970,175,1440000
827,119625,2015,800,55,192000
828,72482,2018,1420,113,740000
829,49095,2020,1600,116,817000
830,30132,2012,1610,135,1018000
831,71606,2019,1650,108,855000
832,56167,2019,1580,125,888000
833,225640,2007,2000,149,825000
834,130838,2010,1330,86,473000
835,185565,2005,1930,149,873000
836,81609,2015,1160,89,611000
837,109312,2013,1590,121,744000
838,116285,2008,820,55,223000
839,64219,2017,860,61,430000
840,161085,2010,1100,87,391000
841,35767,2020,1060,59,397000
842,160107,2010,1720,105,523000
843,210454,2014,2070,159,1091000
844,79733,2017,1540,108,697000
845,282510,2005,1620,123,496000
846,204588,2013,2400,195,1667000
847,44370,2021,1530,125,988000
848,27105,2022,1730,117,903000
849,177317,2010,1160,76,218000
850,37942,2020,1770,127,1028000
851,93321,2018,1910,149,1185000
852,84350,2014,1020,89,664000
853,307504,2008,1550,125,386000
854,11402,2023,1080,65,669000
855,63084,2011,1760,129,961000
856,31350,2021,1430,102,801000
857,158488,2012,1870,134,887000
858,148083,2007,800,55,192000
859,163782,2011,1690,114,619000
860,158511,2005,2190,147,836000
861,222319,2007,1950,135,670000
862,27764,2020,1430,107,854000
863,232209,2007,1100,55,61000
864,97921,2015,2210,168,1308000
865,23644,2021,1100,74,584000
866,61719,2010,2100,155,1181000
867,116762,2013,1420,83,525000
868,89593,2013,800,73,491000
869,96479,2013,1190,108,654000
870,81821,2012,800,55,298000
871,224823,2005,950,65,159000
872,120579,2014,2130,160,1159000
873,71819,2018,2170,150,1220000
874,115246,2010,970,77,464000
875,71675,2017,1520,91,702000
876,99656,2014,840,55,268000
877,232819,2006,1490,98,342000
878,98125,2013,1260,91,535000
879,21567,2021,2010,174,1512000
880,171456,2009,1780,119,653000
881,127045,2006,1480,119,653000
882,137264,2007,1540,132,766000
883,62731,2020,1510,94,672000
884,127284,2006,1930,140,852000
885,105266,2014,1990,135,888000
886,61144,2019,1900,124,967000
887,82957,2015,1840,132,928000
888,193826,2008,2290,197,1692000
889,99407,2012,800,55,339000
890,112311,2013,900,67,401000
891,138512,2009,1610,96,390000
892,80718,2019,2010,150,1176000
893,111989,2016,1530,116,793000
894,76404,2015,2000,143,1138000
895,231181,2005,1600,109,413000
896,155074,2006,1250,86,284000
897,36803,2020,1980,142,1235000
898,231990,2007,1240,101,318000
899,243108,2006,2410,158,826000
900,27908,2021,800,66,548000
901,91395,2017,2030,170,1407000
902,83666,2010,1820,148,1135000
903,72018,2019,1400,106,806000
904,138548,2014,970,64,283000
905,144780,2009,1470,92,375000
906,134345,2011,1520,106,559000
907,152677,2010,1980,158,1103000
908,10876,2023,1640,107,913000
909,207725,2010,1840,147,854000
910,174701,2013,1280,90,459000
911,160213,2009,1360,107,495000
912,117528,2015,1270,110,773000
913,65556,2018,2660,219,2353000
914,179299,2009,2120,162,1025000
915,81127,2016,2110,139,980000
916,61941,2015,1720,134,936000
917,186508,2014,2130,168,1201000
918,56676,2021,800,55,377000
919,224230,2010,800,55,85000
920,260223,2008,1590,128,548000
921,88196,2014,1300,100,641000
922,39842,2010,1370,84,511000
923,2041,2023,1830,143,1294000
924,122189,2007,880,55,198000
925,228001,2005,2190,156,843000
926,122818,2009,2330,175,1226000
927,93591,2017,1150,69,447000
928,61755,2020,2510,185,1686000
929,79026,2005,1810,154,1007000
930,107072,2008,1120,103,565000
931,114860,2006,1490,107,521000
932,60120,2005,1500,116,778000
933,75809,2019,1820,123,841000
934,31633,2019,1730,132,1136000
935,196713,2008,2710,190,1490000
936,71864,2013,1500,91,584000
937,55912,2017,1680,115,860000
938,102574,2014,1830,123,835000
939,15524,2022,800,55,521000
940,149802,2009,1670,136,745000
941,22929,2022,1190,97,929000
942,80868,2018,1720,134,914000
943,186128,2009,1230,107,423000
944,72334,2017,1830,156,1267000
945,29536,2021,820,55,541000
946,124531,2013,800,55,207000
947,69121,2018,2030,160,1396000
948,75468,2015,1190,103,604000
949,215721,2010,1880,151,966000
950,46133,2020,2770,251,3171000
951,119573,2013,1590,101,714000
952,33384,2018,1560,99,762000
953,135966,2005,1520,125,719000
954,110522,2007,890,55,256000
955,20078,2022,1620,99,857000
956,105021,2015,2130,145,1001000
957,45702,2019,1340,100,718000
958,12884,2022,1390,112,929000
959,48202,2020,1200,55,537000
960,279663,2005,1730,146,745000
961,119162,2012,2290,171,1265000
962,220941,2005,850,55,115000
963,41905,2020,1720,135,1100000
964,37990,2019,1900,155,1320000
965,135354,2010,1680,121,727000
966,285644,2006,1710,128,499000
967,86506,2015,1970,171,1448000
968,149453,2012,2370,189,1505000
969,120078,2013,1580,126,869000
970,102437,2016,1030,68,536000
971,23021,2020,1520,104,906000
972,207237,2007,1560,121,552000
973,50953,2020,980,66,552000
974,125357,2010,1730,140,973000
975,35108,2019,1230,79,641000
976,19035,2023,2370,190,1856000
977,261478,2006,1040,62,60000
978,201122,2009,2670,214,1905000
979,22236,2023,1340,69,554000
980,266641,2007,970,55,141000
981,92643,2013,2110,163,1280000
982,230014,2007,1180,78,153000
983,154700,2005,1970,129,747000
984,122862,2011,1850,123,859000
985,195922,2006,1230,66,203000
986,111723,2007,900,55,245000
987,105085,2018,1500,99,481000
988,117876,2013,1810,139,898000
989,34672,2021,1500,100,792000
990,107814,2016,1510,111,813000
991,93661,2014,1800,138,971000
992,2627,2023,850,55,598000
993,87801,2014,1370,94,609000
994,110384,2015,2300,169,1346000
995,96533,2011,1470,93,487000
996,26174,2020,1540,121,959000
997,118519,2012,1300,92,635000
998,80583,2016,1260,102,541000
999,48514,2020,1500,115,850000
1000,26291,2021,900,63,518000
