User ID,Gender,Age,EstimatedSalary,Purchased
15571211,Male,38,76000,0
15813763,Male,41,83000,1
15719316,Male,35,57000,0
15747734,Male,28,105000,1
15594357,Male,33,77000,0
15814302,Male,27,29000,0
15667932,Female,38,38000,1
15639588,Male,52,97000,1
15782628,Male,33,86000,0
15700390,Male,31,15000,0
15603102,Female,43,116000,0
15623518,Female,41,90000,0
15660898,Male,39,116000,1
15590882,Female,28,57000,0
15696691,Male,37,60000,0
15679734,Female,45,32000,0
15732191,Male,24,150000,0
15749920,Female,33,64000,0
15603755,Female,18,124000,0
15764611,Male,24,48000,0
15775478,Female,18,76000,0
15574247,Male,35,15000,0
15760157,Female,24,57000,0
15805554,Male,41,103000,0
15668140,Male,39,27000,0
15631808,Male,36,106000,0
15707766,Female,18,81000,0
15643050,Female,32,35000,0
15622496,Female,37,53000,0
15778102,Male,39,54000,0
15720241,Male,22,68000,0
15793553,Male,33,52000,0
15749146,Male,27,42000,0
15754109,Female,29,60000,0
15766568,Female,49,35000,0
15653204,Male,29,26000,0
15602645,Male,37,68000,0
15685710,Male,47,100000,1
15813099,Female,32,18000,0
15778651,Female,37,70000,0
15750781,Male,39,48000,0
15659327,Female,38,37000,0
15622567,Male,25,99000,0
15771326,Male,38,52000,0
15679997,Male,52,121000,1
15765502,Female,21,43000,0
15622768,Female,47,83000,0
15687167,Male,39,62000,0
15769467,Female,31,44000,0
15794138,Male,59,90000,1
15580977,Female,46,65000,0
15666129,Female,25,91000,0
15636678,Female,38,68000,0
15757478,Male,44,33000,0
15764897,Female,36,67000,0
15729937,Male,45,72000,1
15756274,Female,37,103000,0
15652812,Female,45,39000,0
15584530,Female,53,69000,1
15702945,Female,31,15000,0
15575414,Female,40,92000,1
15721509,Male,33,33000,0
15721527,Male,39,15000,0
15704206,Female,25,68000,0
15781512,Male,32,108000,0
15597679,Male,36,18000,0
15671520,Female,47,33000,0
15817862,Female,50,45000,0
15633736,Male,24,32000,0
15811651,Male,29,83000,0
15570704,Female,44,43000,0
15579368,Male,18,45000,0
15623133,Female,33,90000,1
15806069,Male,37,44000,0
15730846,Male,51,85000,0
15702872,Female,45,37000,0
15600665,Female,34,29000,0
15601426,Male,34,15000,0
15784319,Male,35,133000,1
15775142,Female,54,59000,1
15584936,Male,33,78000,0
15678241,Female,35,69000,0
15706605,Male,41,75000,0
15748297,Female,36,72000,0
15572230,Female,36,135000,1
15776805,Male,26,35000,0
15701443,Female,38,17000,0
15704509,Female,33,36000,0
15659987,Female,50,25000,0
15582416,Female,45,95000,1
15802768,Male,37,98000,0
15775617,Female,45,37000,0
15777165,Male,34,23000,0
15743509,Male,49,58000,1
15691649,Female,38,117000,1
15797535,Male,44,15000,1
15597116,Female,24,88000,0
15637534,Male,41,33000,0
15682030,Male,20,105000,0
15766292,Male,18,33000,0
15653594,Female,35,60000,1
15788279,Female,28,19000,0
15648908,Male,39,37000,0
15658762,Male,60,117000,1
15650243,Female,29,98000,1
15672547,Male,31,56000,0
15773707,Female,40,40000,0
15653496,Male,43,15000,0
15691965,Female,36,57000,0
15571431,Male,36,69000,0
15708427,Female,45,67000,0
15627889,Male,43,67000,0
15692959,Male,27,32000,0
15652884,Female,37,68000,0
15664946,Female,38,69000,0
15597100,Male,27,114000,0
15685016,Female,40,133000,1
15761389,Male,29,65000,0
15722390,Female,48,44000,1
15676738,Female,40,68000,0
15781539,Female,39,49000,0
15712053,Male,31,45000,0
15723436,Female,36,68000,0
15641151,Male,18,35000,0
15741408,Male,26,91000,0
15660087,Female,42,66000,0
15618718,Female,18,79000,0
15758346,Female,47,64000,1
15714311,Male,19,45000,0
15687454,Female,46,38000,0
15748393,Female,29,62000,0
15719130,Male,46,51000,0
15759838,Female,39,78000,0
15675670,Male,22,70000,0
15819918,Male,51,24000,1
15709258,Male,53,72000,0
15687502,Female,37,24000,0
15794339,Male,35,49000,0
15819760,Female,36,60000,0
15636850,Male,27,15000,0
15628111,Male,49,73000,0
15699765,Male,32,75000,0
15587909,Female,37,65000,0
15741806,Female,29,56000,0
15739521,Male,31,57000,0
15591697,Male,24,37000,0
15637222,Male,51,61000,1
15810501,Male,36,51000,0
15615100,Female,48,73000,1
15694689,Female,38,29000,0
15740007,Male,30,78000,0
15631334,Male,34,75000,0
15654604,Female,32,65000,0
15760107,Male,38,55000,0
15676215,Male,34,89000,0
15773895,Male,35,15000,0
15584857,Female,23,86000,0
15727654,Female,29,78000,0
15655208,Female,55,80000,1
15799040,Female,31,83000,1
15679837,Male,27,48000,1
15592227,Female,41,61000,0
15779144,Female,52,92000,1
15701899,Female,22,85000,0
15584988,Male,36,77000,0
15755722,Male,31,19000,0
15715944,Female,19,88000,0
15799204,Male,45,110000,1
15745601,Male,37,104000,0
15730361,Female,38,78000,0
15625366,Female,30,17000,0
15720577,Female,42,102000,0
15612511,Female,32,65000,0
15667057,Female,36,15000,0
15678129,Female,26,83000,0
15712902,Female,25,19000,0
15622373,Female,52,26000,0
15708699,Female,32,48000,0
15651176,Male,41,113000,1
15796256,Male,37,57000,0
15817691,Male,33,79000,0
15776775,Female,32,129000,1
15628774,Male,44,124000,1
15754298,Male,35,66000,0
15815516,Male,36,62000,0
15800946,Male,38,27000,0
15788217,Male,50,46000,1
15586540,Female,45,84000,1
15607580,Female,42,83000,0
15762404,Female,32,74000,0
15646677,Female,23,104000,0
15685904,Female,48,44000,0
15690800,Male,48,68000,1
15757951,Male,36,95000,0
15755386,Female,43,90000,1
15644044,Male,46,106000,0
15767811,Female,46,83000,0
15686834,Male,47,59000,0
15715941,Male,33,82000,0
15776147,Female,54,36000,1
15641180,Male,25,15000,0
15578795,Female,47,90000,0
15733833,Female,43,68000,1
15642781,Male,47,80000,1
15634983,Female,57,15000,1
15692115,Female,53,58000,1
15789273,Female,26,50000,0
15782875,Male,20,41000,0
15752568,Female,46,15000,0
15637508,Male,27,59000,0
15806227,Male,38,101000,1
15775768,Female,47,83000,1
15579312,Male,20,50000,0
15631136,Male,18,69000,0
15600350,Female,40,96000,1
15645787,Male,38,15000,0
15739263,Female,35,66000,0
15708454,Male,38,88000,1
15606393,Male,29,93000,0
15733476,Female,22,128000,0
15718702,Female,36,109000,0
15790017,Female,27,81000,0
15647774,Female,20,80000,0
15789866,Female,43,97000,1
15734197,Female,37,52000,0
15632540,Female,42,69000,0
15650830,Female,27,101000,0
15756400,Male,31,137000,1
15743013,Female,27,65000,0
15728748,Male,28,68000,0
15670801,Female,40,77000,0
15666535,Female,29,116000,0
15709734,Male,41,69000,0
15764010,Female,41,120000,1
15633320,Male,59,37000,1
15794379,Male,23,64000,0
15619829,Male,47,63000,1
15689798,Male,37,97000,0
15647352,Male,38,106000,1
15799026,Female,22,19000,0
15613895,Female,33,39000,0
15601905,Female,46,81000,1
15740888,Female,37,48000,1
15611547,Male,39,18000,0
15817194,Female,35,105000,0
15761050,Female,50,87000,1
15790476,Male,37,87000,1
15646387,Female,18,54000,0
15756650,Female,30,105000,0
15716341,Male,18,62000,0
15675911,Female,18,107000,0
15694267,Female,32,39000,0
15574186,Male,52,41000,0
15606446,Female,38,77000,0
15601085,Male,25,46000,0
15758558,Male,28,93000,0
15637290,Female,50,79000,1
15755358,Male,39,39000,0
15747738,Male,38,72000,1
15606300,Male,37,58000,0
15651269,Female,38,101000,1
15634942,Female,46,48000,0
15598603,Female,44,55000,0
15770146,Female,40,111000,1
15663067,Female,27,146000,0
15798057,Female,43,138000,1
15781084,Female,31,72000,0
15787522,Female,49,77000,1
15755031,Male,24,122000,0
15695465,Male,36,66000,0
15676328,Male,38,37000,1
15661848,Female,24,74000,0
15726860,Male,56,85000,1
15681312,Male,53,42000,1
15784617,Male,33,15000,0
15614097,Female,46,21000,0
15661364,Female,42,93000,1
15693997,Male,18,44000,0
15640346,Male,40,65000,0
15627721,Male,37,77000,1
15710360,Male,39,91000,0
15610487,Female,26,59000,0
15765441,Male,35,87000,0
15665155,Female,36,40000,0
15757525,Male,50,58000,0
15585983,Male,41,35000,0
15767067,Male,38,108000,1
15687588,Male,54,69000,1
15782831,Male,32,45000,0
15744034,Female,34,58000,0
15770970,Male,19,62000,0
15732851,Male,54,94000,1
15597312,Female,48,16000,0
15813814,Male,47,35000,0
15668031,Female,45,57000,0
15791448,Male,39,150000,1
15697261,Female,40,102000,1
15728437,Female,35,66000,0
15615433,Female,36,94000,1
15794405,Male,38,140000,1
15767782,Female,54,62000,1
15681111,Female,44,58000,0
15674788,Female,37,111000,1
15769718,Male,32,87000,0
15611305,Female,31,93000,0
15641119,Female,55,53000,0
15605192,Female,43,135000,0
15701675,Male,38,128000,1
15663126,Female,34,89000,0
15814966,Female,26,93000,0
15793398,Male,37,15000,0
15719699,Female,47,92000,1
15761330,Female,34,63000,0
15696697,Male,35,85000,1
15676367,Female,35,93000,1
15766826,Male,39,58000,0
15660252,Female,21,15000,0
15648089,Female,35,83000,0
15605362,Female,29,45000,0
15777761,Male,47,59000,1
15768135,Female,30,49000,0
15574636,Female,44,58000,1
15780740,Female,54,15000,0
15629564,Male,34,111000,1
15791950,Female,31,79000,0
15614311,Female,40,108000,0
15609653,Female,38,137000,0
15634337,Male,27,71000,0
15803495,Female,43,15000,0
15806382,Female,59,40000,1
15735166,Male,35,29000,0
15575973,Female,36,53000,0
15724322,Female,27,73000,0
15644686,Male,41,15000,0
15752530,Male,25,82000,1
15713597,Female,26,19000,0
15788777,Female,51,80000,1
15745772,Female,28,66000,0
15648639,Male,49,59000,1
15763445,Male,54,68000,1
15630043,Female,40,52000,0
15665821,Male,44,49000,0
15628926,Female,58,15000,1
15625043,Male,36,69000,0
15670662,Female,31,133000,0
15783088,Male,23,137000,0
15681216,Male,38,115000,0
15600523,Female,53,94000,0
15757699,Male,48,47000,0
15586255,Male,28,119000,0
15710513,Female,29,68000,0
15627894,Female,32,68000,0
15796103,Male,41,60000,0
15693146,Female,36,73000,0
15673390,Male,40,55000,0
15805539,Female,41,67000,0
15684461,Male,35,33000,0
15752213,Female,37,57000,0
15679062,Female,40,148000,1
15710993,Female,37,68000,0
15694368,Female,43,62000,1
15700304,Male,57,88000,1
15679049,Male,44,94000,1
15743354,Female,38,32000,0
15688807,Male,20,63000,0
15726616,Male,42,101000,1
15751416,Female,18,79000,0
15654077,Female,23,74000,0
15612507,Male,47,123000,1
15593182,Female,45,47000,0
15719641,Male,36,73000,0
15620230,Female,20,52000,0
15659509,Male,34,121000,0
15765677,Female,31,15000,0
15685385,Female,44,47000,1
15728613,Male,60,52000,1
15607040,Male,40,93000,0
15769294,Female,30,91000,0
15718539,Female,25,117000,0
15581122,Male,37,16000,0
15687446,Female,36,96000,0
15795204,Male,26,60000,0
15688110,Male,39,47000,0
15665562,Male,26,88000,0
15577014,Male,49,39000,0
15801541,Female,49,15000,1
15626230,Female,49,57000,0
15718629,Female,33,19000,0
15676666,Female,43,48000,1
15706828,Male,36,83000,0
15600187,Female,34,81000,0
15774519,Male,34,124000,0
15610485,Male,24,63000,0
15726357,Male,23,18000,0
15633931,Female,46,44000,0
15738642,Male,36,39000,0
15593532,Female,40,29000,0
15609400,Male,48,85000,1
15795644,Female,20,48000,0
15721114,Female,29,15000,0
